index,COUNTY
LOS ANGELES,131
HARRIS,108
JEFFERSON,94
MONTGOMERY,78
COOK,75
MARICOPA,73
ORANGE,70
WASHINGTON,67
DALLAS,63
CLARK,62
TARRANT,54
FRANKLIN,54
MARION,50
HAMILTON,49
BEXAR,47
WAYNE,45
JACKSON,45
LAKE,41
SUFFOLK,41
MADISON,40
MIAMI-DADE,38
MIDDLESEX,38
SAN DIEGO,37
LINCOLN,35
DOUGLAS,35
PHILADELPHIA,34
ESSEX,34
SAN BERNARDINO,32
HILLSBOROUGH,32
KING,32
SHELBY,32
ALLEGHENY,32
SAN JUAN,31
JOHNSON,31
ST. LOUIS,30
EL PASO,30
OKLAHOMA,30
POLK,30
CUYAHOGA,29
NEW YORK,29
UNION,29
TRAVIS,28
BROWARD,28
MONROE,28
COLLIN,28
ALAMEDA,27
ERIE,27
PULASKI,26
FULTON,26
RICHLAND,25
FAYETTE,24
SALT LAKE,24
RIVERSIDE,24
MERCER,24
EAST BATON ROUGE,23
CUMBERLAND,23
GREENE,23
TULSA,23
ALLEN,22
DEKALB,22
MILWAUKEE,22
KINGS,22
KNOX,21
PIMA,21
BUTLER,21
NORFOLK,21
PALM BEACH,20
WARREN,20
LAFAYETTE,20
GRANT,20
ADAMS,20
CLAY,20
DELAWARE,20
BROWN,19
SACRAMENTO,19
RICHMOND,19
DENTON,18
PINELLAS,18
CASS,18
YORK,18
SAN FRANCISCO,18
WESTCHESTER,18
BALTIMORE CITY,17
OAKLAND,17
BERNALILLO,17
WILLIAMSON,17
DAVIDSON,17
HONOLULU,17
ORLEANS,17
HIDALGO,17
SANTA CLARA,17
MARSHALL,16
LANCASTER,16
LAWRENCE,16
DENVER,16
LEE,16
WORCESTER,16
CARROLL,16
CADDO,16
KERN,15
HARRISON,15
DISTRICT OF COLUMBIA,15
BRONX,15
PROVIDENCE,15
FRESNO,15
ST. TAMMANY,15
LUCAS,15
SCOTT,15
CALHOUN,15
PIERCE,15
DUVAL,15
ST. LOUIS CITY,15
NUECES,14
SUMMIT,14
BOONE,14
MECKLENBURG,14
SEDGWICK,14
CAMDEN,14
CRAWFORD,14
WASHOE,14
NASSAU,14
BENTON,13
CHEROKEE,13
FLOYD,13
SMITH,13
VENTURA,13
RAPIDES,13
HOWARD,13
TAYLOR,13
MORGAN,12
OUACHITA,12
HARTFORD,12
HENNEPIN,12
QUEENS,12
SONOMA,12
CONTRA COSTA,12
CAMERON,12
BRISTOL,12
STANISLAUS,12
GREENVILLE,12
KENT,12
MULTNOMAH,12
FORT BEND,12
BELL,12
CLINTON,12
POTTER,12
MORRIS,11
CHARLESTON,11
ADA,11
BREVARD,11
CHESTER,11
CALCASIEU,11
HENRY,11
SOMERSET,11
ESCAMBIA,11
SAN MATEO,11
NEW CASTLE,10
CLEVELAND,10
BERGEN,10
RANDOLPH,10
LEHIGH,10
SULLIVAN,10
HAMPDEN,10
SALINE,10
CHATHAM,10
TANGIPAHOA,10
PASCO,10
HANCOCK,10
ONEIDA,10
SAN JOAQUIN,10
UTAH,10
NEW HAVEN,10
MAHONING,10
COLUMBIA,10
STARK,10
SPOKANE,10
BUCKS,10
ST. CLAIR,10
FAIRFIELD,10
LUBBOCK,10
PLYMOUTH,9
BURLINGTON,9
BIBB,9
ROCKINGHAM,9
ATLANTIC,9
HINDS,9
OCEAN,9
VOLUSIA,9
SANTA BARBARA,9
PIKE,9
DANE,9
ARAPAHOE,9
GRAYSON,9
LOGAN,9
WAUKESHA,9
MARTIN,9
ANCHORAGE,9
LAUDERDALE,9
WINNEBAGO,9
HOUSTON,9
HARDIN,9
ST. JOSEPH,8
ALBANY,8
WICHITA,8
LIVINGSTON,8
BAY,8
MINNEHAHA,8
COCHISE,8
BUTTE,8
SNOHOMISH,8
HUMBOLDT,8
BALTIMORE,8
OSCEOLA,8
ST. CHARLES,8
DAUPHIN,8
LUZERNE,8
NEWTON,8
FAIRFAX,8
SAGINAW,8
LARIMER,8
JASPER,8
KANAWHA,8
ANDERSON,8
HUDSON,8
KENNEBEC,8
DUPAGE,8
GARFIELD,8
WOOD,8
LORAIN,8
MACON,8
MONMOUTH,8
WAKE,8
VERNON,8
SHASTA,7
MACOMB,7
MUSCOGEE,7
LYON,7
SOLANO,7
SARASOTA,7
FLORENCE,7
WASHTENAW,7
RAMSEY,7
PUTNAM,7
LANE,7
STEUBEN,7
ONONDAGA,7
SEMINOLE,7
TIPPECANOE,7
PRINCE GEORGE'S,7
PENNINGTON,7
OTTAWA,7
CLARKE,7
RANKIN,7
FORSYTH,7
TUSCALOOSA,7
LA SALLE,7
GENESEE,7
NOT AVAILABLE,7
SEBASTIAN,7
PERRY,7
MOBILE,7
COMANCHE,7
SIOUX,7
GUILFORD,7
TULARE,7
VANDERBURGH,6
BUCHANAN,6
GREGG,6
ROCK,6
SPARTANBURG,6
HAWAII,6
DONA ANA,6
MIDLAND,6
BALDWIN,6
BERKS,6
CRAIGHEAD,6
SANTA CRUZ,6
LIBERTY,6
ACADIA,6
VICTORIA,6
PONCE,6
CUSTER,6
WEBSTER,6
BRAZOS,6
KANE,6
CABELL,6
PENOBSCOT,6
WILSON,6
RUTHERFORD,6
LINN,6
MAYAGUEZ,6
BEAUFORT,6
OKALOOSA,6
WESTMORELAND,6
RICHMOND CITY,6
INGHAM,6
AROOSTOOK,6
ALACHUA,6
PASSAIC,6
BOWIE,6
LACKAWANNA,6
CALDWELL,6
COBB,6
ST. LUCIE,6
GARLAND,6
SAN LUIS OBISPO,6
ST. LANDRY,6
DAVIS,6
COLLIER,6
CHAUTAUQUA,6
SUMTER,6
CLAYTON,6
BOULDER,6
JONES,6
ASCENSION,6
BAYAMON,6
GWINNETT,6
PINAL,6
NATRONA,6
WEBB,6
COOS,6
DURHAM,6
NAVAJO,6
NEWPORT NEWS,5
JEFFERSON DAVIS,5
SHAWNEE,5
STEARNS,5
CHOCTAW,5
COMAL,5
LAMAR,5
ST. LAWRENCE,5
MANATEE,5
MOHAVE,5
LEON,5
POTTAWATOMIE,5
DICKINSON,5
DAWSON,5
DORCHESTER,5
GRAND FORKS,5
PHILLIPS,5
CHRISTIAN,5
WHITE,5
RUSSELL,5
CARBON,5
CHESTERFIELD,5
GRAFTON,5
SANTA ROSA,5
SHERIDAN,5
BEAVER,5
BRADFORD,5
DODGE,5
TRUMBULL,5
COFFEE,5
SUMNER,5
CAMPBELL,5
SUSSEX,5
ELLIS,5
YAVAPAI,5
OHIO,5
HAMPSHIRE,5
HURON,5
PAGE,5
DECATUR,5
BOSSIER,5
MASON,5
BLAIR,5
TERREBONNE,5
MITCHELL,5
BRAZORIA,5
BERRIEN,5
LEWIS,5
VERMILION,5
MCLENNAN,5
WINDHAM,5
NIAGARA,5
HERNANDO,5
HORRY,5
ASHTABULA,5
HENDERSON,5
HENRICO,5
MESA,4
APACHE,4
MCPHERSON,4
CARTER,4
GIBSON,4
SCHENECTADY,4
BIG HORN,4
KOOTENAI,4
DUTCHESS,4
BARNSTABLE,4
MONTOUR,4
VAN BUREN,4
THURSTON,4
WINSTON,4
MANATI,4
WISE,4
PONTOTOC,4
CHAMPAIGN,4
HAMPTON,4
SAUK,4
CHIPPEWA,4
GILA,4
TOM GREEN,4
WRIGHT,4
SANGAMON,4
RACINE,4
MERRIMACK,4
VIRGINIA BEACH,4
MIAMI,4
CLACKAMAS,4
INDIAN RIVER,4
PLACER,4
GALVESTON,4
ROCKLAND,4
MARIN,4
ALLEGANY,4
COVINGTON,4
LEXINGTON,4
COCONINO,4
TAZEWELL,4
CHELAN,4
CHARLOTTE,4
LYCOMING,4
BARTON,4
WARD,4
ST. FRANCOIS,4
VALLEY,4
PEORIA,4
BELMONT,4
BLAINE,4
MONTEREY,4
PARK,4
BERKSHIRE,4
PICKENS,4
MUSKOGEE,4
SALEM,4
WILLIAMS,4
CHEYENNE,4
STEVENS,4
CAMBRIA,4
GRAYS HARBOR,4
NORTHAMPTON,4
OKMULGEE,4
STORY,4
PUEBLO,4
MCKINLEY,4
WILL,4
LOWNDES,4
WARRICK,4
ADAIR,4
HUTCHINSON,4
LOUDOUN,4
BUNCOMBE,4
PAWNEE,4
GLOUCESTER,4
ONTARIO,4
ST. CROIX,4
ECTOR,4
LICKING,4
ANGELINA,4
DESOTO,4
YUMA,4
MCLEAN,4
MONTCALM,4
GOODHUE,4
MEDINA,4
VIGO,4
WYANDOTTE,4
FOND DU LAC,4
MAUI,4
SUTTER,4
YAKIMA,4
ALBEMARLE,4
SENECA,4
ETOWAH,4
UMATILLA,4
FREMONT,4
WALTON,4
HAYS,4
BROOME,4
HALL,4
EAST FELICIANA,4
ROOSEVELT,4
KITSAP,4
KENTON,4
LIMESTONE,4
CURRY,3
AVOYELLES,3
KAUFMAN,3
FAIRBANKS NORTH STAR,3
SKAGIT,3
SANTA FE,3
MOREHOUSE,3
BARRON,3
TOLLAND,3
HARDEMAN,3
CRITTENDEN,3
PORTER,3
COLORADO,3
WALWORTH,3
GRUNDY,3
HIGHLANDS,3
BARBER,3
BINGHAM,3
MEADE,3
CLAIBORNE,3
FALL RIVER,3
BAKER,3
LEAVENWORTH,3
MCINTOSH,3
WINDSOR,3
OTERO,3
TETON,3
LAURENS,3
OZAUKEE,3
SUNFLOWER,3
ROANE,3
ROCK ISLAND,3
PAULDING,3
HILL,3
CREEK,3
IRON,3
NORTON,3
PEACH,3
ONSLOW,3
SCHUYLKILL,3
ULSTER,3
TODD,3
TUSCARAWAS,3
MUSKINGUM,3
VALDEZ-CORDOVA,3
CLEARWATER,3
NAPA,3
STEPHENS,3
PRINCE WILLIAM,3
PINE,3
SUSQUEHANNA,3
PLUMAS,3
CHAMBERS,3
ATHENS,3
MONONGALIA,3
ELMORE,3
CASCADE,3
HALIFAX,3
FLATHEAD,3
WOODBURY,3
CHAVES,3
THOMAS,3
IBERIA,3
HOLMES,3
WINN,3
MERCED,3
HASKELL,3
RENSSELAER,3
NACOGDOCHES,3
CENTRE,3
LITCHFIELD,3
FANNIN,3
DUBUQUE,3
SIMPSON,3
GRAND,3
JAMES CITY,3
BUFFALO,3
ROCKWALL,3
SANDUSKY,3
IREDELL,3
DAVIESS,3
BARRY,3
TUOLUMNE,3
NESS,3
KENOSHA,3
COLE,3
GILES,3
WASHBURN,3
COWETA,3
MENDOCINO,3
ROWAN,3
SMYTH,3
OTSEGO,3
KERR,3
WHEELER,3
NEMAHA,3
WALLA WALLA,3
DAKOTA,3
OTOE,3
CAPE GIRARDEAU,3
BURKE,3
EAU CLAIRE,3
PLATTE,3
BLACK HAWK,3
LYNCHBURG,3
RALEIGH,3
DEFIANCE,3
ELKHART,3
EL DORADO,3
UPTON,3
EFFINGHAM,3
PEARL RIVER,3
ITASCA,3
WICOMICO,3
RED RIVER,3
HUNT,3
MARATHON,3
MURRAY,3
CARSON CITY,3
BRADLEY,3
MERIWETHER,3
KIOWA,3
BRUNSWICK,3
HARPER,3
SANILAC,3
MCHENRY,3
BEDFORD,3
CROOK,3
YANKTON,3
OLMSTED,3
SARPY,3
LABETTE,3
PETERSBURG,3
LEWIS AND CLARK,3
LEBANON,3
HUMACAO,3
OKANOGAN,3
FAULKNER,3
HALE,3
YELLOWSTONE,3
KENAI PENINSULA,3
OUTAGAMIE,3
LAFOURCHE,3
GREENWOOD,3
BLOUNT,3
CHEMUNG,3
MUSKEGON,3
MINERAL,3
SEVIER,3
GREGORY,2
WHATCOM,2
PIATT,2
BROOKE,2
WHITMAN,2
RUNNELS,2
SITKA,2
BOURBON,2
GUAYAMA,2
JUNEAU,2
BEAUREGARD,2
LEFLORE,2
CHICKASAW,2
MORROW,2
TRAILL,2
RINGGOLD,2
HANOVER,2
ISLAND,2
CATAWBA,2
BANNOCK,2
TWIN FALLS,2
TREMPEALEAU,2
POTTAWATTAMIE,2
OCONTO,2
SANPETE,2
PAYNE,2
WEAKLEY,2
HOWELL,2
COLBERT,2
WALKER,2
RIO BLANCO,2
ANTELOPE,2
BERKELEY,2
DAVIE,2
PACIFIC,2
YUBA,2
ARECIBO,2
CROW WING,2
NATCHITOCHES,2
SHEBOYGAN,2
YOLO,2
CAGUAS,2
COWLEY,2
HOT SPRINGS,2
UPSHUR,2
ATCHISON,2
RUSH,2
DELTA,2
SHAWANO,2
GADSDEN,2
STONE,2
PORTAGE,2
HARFORD,2
ELKO,2
LA PAZ,2
MISSISSIPPI,2
ST. MARY,2
BURNET,2
CANADIAN,2
BONNEVILLE,2
ANOKA,2
SAN BENITO,2
MONTAGUE,2
OLDHAM,2
PHELPS,2
COPIAH,2
COLFAX,2
KAUAI,2
IDAHO,2
SCOTLAND,2
EMMET,2
SAN MIGUEL,2
CHARLES MIX,2
HARNETT,2
HAYWOOD,2
CECIL,2
HOUGHTON,2
JACK,2
PECOS,2
MCLEOD,2
WILBARGER,2
CIBOLA,2
O'BRIEN,2
DOUGHERTY,2
BIG STONE,2
NEW HANOVER,2
ALLEGHANY,2
NESHOBA,2
WOODWARD,2
KAY,2
ANNE ARUNDEL,2
CHOUTEAU,2
WHARTON,2
BUREAU,2
HUMPHREYS,2
IOWA,2
OTTER TAIL,2
DEWEY,2
YOUNG,2
YELLOW MEDICINE,2
GREEN,2
DEAF SMITH,2
BURLEIGH,2
KOSCIUSKO,2
CATTARAUGUS,2
NORTHUMBERLAND,2
GLYNN,2
GRAHAM,2
SIERRA,2
POCAHONTAS,2
DUCHESNE,2
CRENSHAW,2
ROANOKE CITY,2
HART,2
WYOMING,2
GALLATIN,2
EDDY,2
NOBLE,2
POPE,2
COTTONWOOD,2
IMPERIAL,2
PANOLA,2
TIPTON,2
ORANGEBURG,2
LATIMER,2
NEVADA,2
MILAM,2
BOX ELDER,2
GASTON,2
WILKES,2
WATAUGA,2
DEER LODGE,2
MILLARD,2
YAMHILL,2
CABARRUS,2
HARLAN,2
WILLIAMSBURG,2
OXFORD,2
GEARY,2
MILLER,2
INYO,2
WRANGELL-PETERSBURG,2
FREDERICKSBURG,2
YELL,2
LAVACA,2
DESCHUTES,2
NASH,2
GEORGETOWN,2
PORTSMOUTH,2
ST. JAMES,2
CARLTON,2
BARBOUR,2
HENDRICKS,2
PISCATAQUIS,2
MCKEAN,2
IONIA,2
WHITLEY,2
CALLAWAY,2
LA PLATA,2
CONCORDIA,2
BECKHAM,2
CANYON,2
GEAUGA,2
MOORE,2
VAN WERT,2
BELTRAMI,2
COLUMBIANA,2
WINCHESTER,2
TEXAS,2
SCHUYLER,2
CLARENDON,2
CERRO GORDO,2
HOPKINS,2
ASHLAND,2
RENVILLE,2
CITRUS,2
GUERNSEY,2
WABASH,2
RIPLEY,2
RILEY,2
EATON,2
EVANGELINE,2
BULLOCH,2
NEW LONDON,2
HOKE,2
ROLETTE,2
PITTSBURG,2
RICE,2
COWLITZ,2
SCHOOLCRAFT,2
UINTA,2
SARATOGA,2
TUSCOLA,2
ANDROSCOGGIN,2
CRAVEN,2
LAC QUI PARLE,2
PARKER,2
FORD,2
CLATSOP,2
ALLEGAN,2
MANITOWOC,2
BOYD,2
LAPORTE,2
MADERA,2
SURRY,2
HIGHLAND,2
NEWPORT,2
WELLS,2
MORTON,2
MARQUETTE,2
DESHA,2
BON HOMME,2
LENAWEE,2
WALSH,2
GRADY,2
MATAGORDA,2
SWIFT,2
JOHNSTON,2
CLALLAM,2
TALLAPOOSA,2
GOSHEN,2
CACHE,2
CLARION,2
KLICKITAT,2
SCIOTO,2
CLEARFIELD,2
TYLER,2
TRINITY,2
GAGE,2
ROSS,2
WOODFORD,2
SISKIYOU,2
MCMINN,2
COFFEY,2
LARAMIE,2
FAJARDO,2
PRESTON,2
FORREST,2
DEARBORN,2
SABINE,2
MACOUPIN,2
MCDOWELL,2
RENO,2
STAFFORD,2
STRAFFORD,2
SILVER BOW,2
SWEETWATER,2
NICHOLAS,2
SWAIN,2
OSAGE,2
TALLADEGA,2
GARVIN,2
HOT SPRING,2
WARE,2
ST. MARTIN,2
MCCRACKEN,2
SEWARD,2
WHITESIDE,2
GUADALUPE,2
SAN GERMAN,2
OSWEGO,2
DARLINGTON,2
GLACIER,2
ANSON,2
RUSK,2
WILKINSON,2
STAUNTON,2
WATONWAN,2
HARVEY,2
ROGERS,2
COLQUITT,2
REAGAN,2
DANVILLE,2
BREMER,2
HAMBLEN,2
MISSOULA,2
WEBER,2
KALAMAZOO,2
CEDAR,2
STUTSMAN,2
FRIO,2
CULLMAN,2
MCDUFFIE,2
COOKE,2
HOLT,2
CHICOT,2
NYE,2
SANDOVAL,2
NELSON,2
LEA,2
KANKAKEE,2
HUGHES,2
LA CROSSE,2
ARKANSAS,2
MODOC,2
HENDRY,1
MAYES,1
CHERRY,1
BENZIE,1
LE SUEUR,1
LUNA,1
REEVES,1
HARRISONBURG,1
GEORGE,1
SHOSHONE,1
JUAB,1
MIFFLIN,1
NEWAYGO,1
HARTLEY,1
DALE,1
HEMPSTEAD,1
LAMPASAS,1
DADE,1
HOOD,1
LOUDON,1
CORTLAND,1
EMMONS,1
GLENN,1
CRISP,1
AUGUSTA,1
MARIPOSA,1
KINGSBURY,1
POWELL,1
BRECKINRIDGE,1
ST. HELENA,1
SUMMERS,1
VAL VERDE,1
HUERFANO,1
PICKAWAY,1
MORRISON,1
TOWNER,1
CHEATHAM,1
CHOWAN,1
ASSUMPTION,1
KARNES,1
COLUSA,1
NORTH SLOPE,1
BARNWELL,1
BETHEL,1
BAYLOR,1
KEOKUK,1
RHEA,1
DENT,1
NEOSHO,1
DOOR,1
GRANVILLE,1
MONGOMERY,1
VEGA BAJA,1
TALBOT,1
DICKSON,1
ROCKDALE,1
INDEPENDENCE,1
MUSSELSHELL,1
GRANITE,1
OVERTON,1
FENTRESS,1
NICOLLET,1
MCDONOUGH,1
WALLOWA,1
ANDREWS,1
MAHASKA,1
AITKIN,1
GREEN LAKE,1
PITT,1
BRYAN,1
ROOKS,1
SHERBURNE,1
BENNINGTON,1
STODDARD,1
BEAR LAKE,1
EASTLAND,1
WAUPACA,1
RABUN,1
FLEMING,1
MONONA,1
ALGER,1
CROSBY,1
COAHOMA,1
DICKEY,1
DUBOIS,1
WEST FELICIANA,1
JO DAVIESS,1
CHILDRESS,1
PRENTISS,1
TREGO,1
CLOUD,1
YALOBUSHA,1
ARENAC,1
STE. GENEVIEVE,1
LEVY,1
AVERY,1
YOAKUM,1
UPSON,1
PRINCE EDWARD,1
DIMMIT,1
PASQUOTANK,1
MILLS,1
GEM,1
BOWMAN,1
WEST CARROLL,1
TRAVERSE,1
POINTE COUPEE,1
DEUEL,1
BACON,1
PONDERA,1
LUMPKIN,1
DANIELS,1
CHESHIRE,1
JAY,1
LAKE OF THE WOODS,1
NOXUBEE,1
MONO,1
SPINK,1
ST. BERNARD,1
OCONEE,1
IZARD,1
RED WILLOW,1
SAINT BERNARD,1
SAWYER,1
BROADWATER,1
MOCA,1
KIMBLE,1
WABASHA,1
HUNTINGTON,1
BUTTS,1
VILAS,1
BROOKS,1
COCKE,1
FERGUS,1
RANDALL,1
BERTIE,1
HOCKLEY,1
MOUNTRAIL,1
TATTNALL,1
PERKINS,1
HAND,1
WAUSHARA,1
COLLINGSWORTH,1
KLEBERG,1
CHENANGO,1
STOKES,1
DAY,1
ELLSWORTH,1
CRAIG,1
VAN ZANDT,1
PRESQUE ISLE,1
CAVALIER,1
ISANTI,1
KOSSUTH,1
CABO ROJO,1
BIENVILLE,1
BENEWAH,1
ROSEAU,1
TISHOMINGO,1
ROUTT,1
PATRICK,1
HICKMAN,1
WAGONER,1
KLAMATH,1
CASTRO,1
DUNN,1
YAZOO,1
KIMBALL,1
BRULE,1
TROUP,1
GILMER,1
WORTH,1
CAMP,1
CHESAPEAKE,1
CAYUGA,1
NOTTOWAY,1
HOOD RIVER,1
IOSCO,1
WASHITA,1
HERKIMER,1
WASATCH,1
MCNAIRY,1
ROBESON,1
BURLESON,1
WYTHE,1
PITKIN,1
MORRILL,1
IDA,1
ERATH,1
PIPESTONE,1
GOGEBIC,1
LARES,1
ALAMANCE,1
GILLESPIE,1
ONTONAGON,1
BARNES,1
AUDUBON,1
HOPEWELL,1
GRAY,1
LETCHER,1
KODIAK ISLAND,1
HARNEY,1
CANNON,1
MARENGO,1
BARREN,1
BATES,1
THAYER,1
PERSON,1
SHARKEY,1
BUENA VISTA,1
HEMPHILL,1
GENTRY,1
BARTHOLOMEW,1
WASHAKIE,1
ST JOSEPH,1
LAMOILLE,1
SHANNON,1
GARRARD,1
WEXFORD,1
EDGAR,1
AUTAUGA,1
TALLAHATCHIE,1
STONEWALL,1
BEAVERHEAD,1
FURNAS,1
SEQUOYAH,1
WELD,1
PEMBINA,1
STANLY,1
WALTHALL,1
CALEDONIA,1
CHISAGO,1
BEADLE,1
OBION,1
ESTILL,1
WAPELLO,1
HERTFORD,1
STILLWATER,1
LAS ANIMAS,1
CHARLTON,1
MECOSTA,1
JENKINS,1
CIDRA,1
OCHILTREE,1
ALPENA,1
ROCKCASTLE,1
IROQUOIS,1
MASSAC,1
ELK,1
DAWES,1
ADDISON,1
LAGRANGE,1
GALAX,1
FOSTER,1
LENOIR,1
YAUCO,1
ST. JOHN THE BAPTIST,1
CONECUH,1
JEROME,1
LACLEDE,1
ELBERT,1
GRAVES,1
ROBERTSON,1
STARR,1
APPANOOSE,1
PHILADELPHI,1
SUTTON,1
GARDEN,1
ALLENDALE,1
HANSFORD,1
FARIBAULT,1
KINGFISHER,1
CHASE,1
BROOMFIELD,1
DUNDY,1
GOVE,1
UINTAH,1
CLARE,1
GLADWIN,1
HAWKINS,1
FALLON,1
GENEVA,1
MCCULLOCH,1
BOX BUTTE,1
CULBERSON,1
RAY,1
BOSQUE,1
BECKER,1
WHITFIELD,1
MOWER,1
CHATTOOGA,1
EAGLE,1
WILCOX,1
EDMUNDS,1
WINKLER,1
CARVER,1
PENDER,1
FALLS,1
UVALDE,1
HODGEMAN,1
BARTOW,1
HOCKING,1
NOME,1
LEMHI,1
GREELEY,1
AUGLAIZE,1
CHARLOTTESVILLE,1
SAN PATRICIO,1
SAMPSON,1
VIEQUES,1
BLUE EARTH,1
TOMPKINS,1
PEMISCOT,1
WASECA,1
EMPORIA,1
FREESTONE,1
WOODS,1
REYNOLDS,1
STEPHENSON,1
KEARNY,1
IBERVILLE,1
KEMPER,1
GASCONADE,1
RANSOM,1
LOS ALAMOS,1
MARLBORO,1
MONTEZUMA,1
WALDO,1
SPALDING,1
NODAWAY,1
WHEATLAND,1
JERAULD,1
BARROW,1
COOPER,1
COLES,1
SCHOHARIE,1
KALKASKA,1
ASOTIN,1
TEHAMA,1
GORDON,1
LANDER,1
BAXTER,1
EVANS,1
BAILEY,1
EDWARDS,1
LESLIE,1
BOUNDARY,1
FAULK,1
MALHEUR,1
ST. JOHNS,1
BARAGA,1
MILLE LACS,1
COLEMAN,1
NANTUCKET,1
FRANKLIN CITY,1
UNICOI,1
RIO ARRIBA,1
ALAMOSA,1
CONEJOS,1
BOLIVAR,1
EAST CARROLL,1
LLANO,1
JEWELL,1
PRATT,1
BONNER,1
CALAVERAS,1
FREEBORN,1
INDIANA,1
OKEECHOBEE,1
SANDERS,1
BELKNAP,1
KERSHAW,1
CHITTENDEN,1
BROOKINGS,1
DE WITT,1
SAN AUGUSTINE,1
AIBONITO,1
WADENA,1
CORSON,1
WINONA,1
TILLAMOOK,1
TOOMBS,1
AUSTIN,1
LANIER,1
DUKES,1
CONVERSE,1
BENNETT,1
GALLIA,1
VENANGO,1
CALVERT,1
GRIMES,1
PROWERS,1
SOCORRO,1
BASTROP,1
BULLOCK,1
BLACKFORD,1
GREER,1
SHERMAN,1
TIFT,1
LATAH,1
TIPPAH,1
CLEBURNE,1
RICHARDSON,1
CHAFFEE,1
SWEET GRASS,1
OWEN,1
MAVERICK,1
CARTERET,1
BEE,1
MUSCATINE,1
LEAKE,1
ABBEVILLE,1
BRAXTON,1
ST. MARY'S,1
BREWSTER,1
KEARNEY,1
DUNKLIN,1
CAYEY,1
LAUREL,1
WYANDOT,1
MCKENZIE,1
MEEKER,1
SAINT CROIX,1
OCEANA,1
GREENBRIER,1
BACA,1
KITTITAS,1
ARMSTRONG,1
MCCURTAIN,1
KIT CARSON,1
GARRETT,1
KITTSON,1
TERRY,1
FISHER,1
GULF,1
TRANSYLVANIA,1
BURNETT,1
STEWART,1
AGUADILLA,1
SWISHER,1
YATES,1
NEZ PERCE,1
ATOKA,1
DES MOINES,1
OROCOVIS,1
AMADOR,1
DARKE,1
PERSHING,1
ALEUTIANS WEST,1
CUMING,1
DILLON,1
TRIGG,1
CATOOSA,1
AIKEN,1
MAURY,1
ARCHULETA,1
DREW,1
NOLAN,1
PALO ALTO,1
STANTON,1
COSHOCTON,1
PEPIN,1
CAPE MAY,1
RAWLINS,1
GREENUP,1
QUAY,1
APPLING,1
WILKIN,1
MARINETTE,1
JOSEPHINE,1
GOODING,1
ALEXANDER,1
BEN HILL,1
CALLOWAY,1
GUTHRIE,1
HAAKON,1
COAL,1
MAHNOMEN,1
PRAIRIE,1
HARMON,1
STEELE,1
ROANOKE,1
NUCKOLLS,1
CULPEPER,1
BATH,1
TILLMAN,1
SPOTSYLVANIA,1
OSBORNE,1
VERMILLION,1
GONZALES,1
ROSEBUD,1
HARALSON,1
AUDRAIN,1
CHURCHILL,1
NAVARRO,1
CALUMET,1
GUNNISON,1
MANASSAS,1
EARLY,1
JIM WELLS,1
DEL NORTE,1
SHIAWASSEE,1
GAINES,1
DOOLY,1
MUHLENBERG,1
HUNTERDON,1
DILLINGHAM,1
POWESHIEK,1
LAPEER,1
CHARLEVOIX,1
NORMAN,1
BOTTINEAU,1
BOND,1
OGEMAW,1
SAUNDERS,1
CORYELL,1
LITTLE RIVER,1
YADKIN,1
OGLE,1
FINNEY,1
UTUADO,1
BLECKLEY,1
QUITMAN,1
LOVE,1
KOOCHICHING,1
CHILTON,1
NIOBRARA,1
TELLER,1
HUNTINGDON,1
HABERSHAM,1
LUCE,1
DEWITT,1
TOOLE,1
SHENANDOAH,1
FAUQUIER,1
KEITH,1
CLERMONT,1
EDGEFIELD,1
CARIBOU,1
REFUGIO,1
DICKENSON,1
LANGLADE,1
MCCONE,1
MARTINSVILLE,1
NORTHWEST ARCTIC,1
DUPLIN,1
CODINGTON,1
WASCO,1
SIBLEY,1
PRICE,1
LYNN,1
TRIPP,1
CANDLER,1
ST. FRANCIS,1
SAC,1
KETCHIKAN GATEWAY,1
GRAND TRAVERSE,1
HILLSDALE,1
COLLETON,1
IRWIN,1
EDGECOMBE,1
MOFFAT,1
MANISTEE,1
CAROLINA,1
LASSEN,1
MAJOR,1
MONTROSE,1
CLINCH,1
CROSS,1
DIVIDE,1
DINWIDDIE,1
ALLAMAKEE,1
MINGO,1
BURT,1
TAOS,1
TATE,1
PUSHMATAHA,1
DARE,1
CIMARRON,1
HUBBARD,1
CULEBRA,1
MOODY,1
POWER,1
ATTALA,1
WESTON,1
SCREVEN,1
WINNESHIEK,1
MERRICK,1
MATANUSKA-SUSITNA,1
PARMER,1
JENNINGS,1
MACKINAC,1
RUTLAND,1
NOWATA,1
PETTIS,1
SCOTTS BLUFF,1
MINIDOKA,1
RAVALLI,1
REDWOOD,1
TOOELE,1
KANABEC,1
BLADEN,1
REPUBLIC,1
TITUS,1
ROBERTS,1
PEND OREILLE,1
OKFUSKEE,1
PENNINTON,1
GRENADA,1
TIOGA,1
DYER,1
SCHLEICHER,1
PALO PINTO,1
FILLMORE,1
BLEDSOE,1
CASSIA,1
BRANCH,1
SOMERVELL,1
DE SOTO,1
BOYLE,1
CHATTAHOOCHEE,1
MCCLAIN,1
CASEY,1
NEWBERRY,1
FERRY,1
RIO GRANDE,1
GRIGGS,1
CRANE,1
NEW KENT,1
ALCORN,1
SUWANNEE,1
OKTIBBEHA,1
TROUSDALE,1
CHARLES,1
ISABELLA,1
TANEY,1
JEFF DAVIS,1
CONWAY,1
ASHE,1
DAVISON,1
HARDEE,1
ASHLEY,1
NANCE,1
LAMB,1
EMANUEL,1
NOBLES,1
SCURRY,1
GRATIOT,1
STARKE,1
WHITE PINE,1
COCHRAN,1
KINGMAN,1
THROCKMORTON,1
TURNER,1
MEAGHER,1
BEDFORD CITY,1
COLUMBUS,1
ALEXANDRIA,1
ARLINGTON,1
FLAGLER,1
ROGER MILLS,1
JERSEY,1
WETZEL,1
TOWNS,1
FREDERICK,1
VANCE,1
KANDIYOHI,1
LE FLORE,1
CONCHO,1
ARROYO,1
BREATHITT,1
ATASCOSA,1
